date,commodity,market,modal_price,arrivals
2023-01-01,Onion,Guntur,1579,107
2023-01-01,Onion,Vijayawada,1421,61
2023-01-01,Onion,Tirupati,1719,27
2023-01-01,Onion,Anantapur,1631,49
2023-01-02,Onion,Guntur,1560,118
2023-01-02,Onion,Vijayawada,1706,48
2023-01-02,Onion,Tirupati,1735,35
2023-01-02,Onion,Anantapur,1773,38
2023-01-03,Onion,Guntur,1431,105
2023-01-03,Onion,Vijayawada,1551,38
2023-01-03,Onion,Tirupati,1457,72
2023-01-03,Onion,Anantapur,1590,79
2023-01-04,Onion,Guntur,1614,50
2023-01-04,Onion,Vijayawada,1784,42
2023-01-04,Onion,Tirupati,1743,53
2023-01-04,Onion,Anantapur,1633,114
2023-01-05,Onion,Guntur,1485,36
2023-01-05,Onion,Vijayawada,1622,86
2023-01-05,Onion,Tirupati,1575,87
2023-01-05,Onion,Anantapur,1775,37
2023-01-06,Onion,Guntur,1616,68
2023-01-06,Onion,Vijayawada,1722,23
2023-01-06,Onion,Tirupati,1480,106
2023-01-06,Onion,Anantapur,1787,28
2023-01-07,Onion,Guntur,1555,63
2023-01-07,Onion,Vijayawada,1483,31
2023-01-07,Onion,Tirupati,1621,90
2023-01-07,Onion,Anantapur,1522,42
2023-01-08,Onion,Guntur,1639,30
2023-01-08,Onion,Vijayawada,1767,94
2023-01-08,Onion,Tirupati,1640,56
2023-01-08,Onion,Anantapur,1420,30
2023-01-09,Onion,Guntur,1745,65
2023-01-09,Onion,Vijayawada,1614,36
2023-01-09,Onion,Tirupati,1649,23
2023-01-09,Onion,Anantapur,1590,56
2023-01-10,Onion,Guntur,1569,49
2023-01-10,Onion,Vijayawada,1534,93
2023-01-10,Onion,Tirupati,1779,102
2023-01-10,Onion,Anantapur,1774,24
2023-01-11,Onion,Guntur,1770,41
2023-01-11,Onion,Vijayawada,1567,33
2023-01-11,Onion,Tirupati,1725,29
2023-01-11,Onion,Anantapur,1482,27
2023-01-12,Onion,Guntur,1770,114
2023-01-12,Onion,Vijayawada,1455,30
2023-01-12,Onion,Tirupati,1497,103
2023-01-12,Onion,Anantapur,1784,51
2023-01-13,Onion,Guntur,1676,92
2023-01-13,Onion,Vijayawada,1546,47
2023-01-13,Onion,Tirupati,1799,114
2023-01-13,Onion,Anantapur,1541,93
2023-01-14,Onion,Guntur,1447,87
2023-01-14,Onion,Vijayawada,1614,80
2023-01-14,Onion,Tirupati,1579,115
2023-01-14,Onion,Anantapur,1737,70
2023-01-15,Onion,Guntur,1538,67
2023-01-15,Onion,Vijayawada,1602,74
2023-01-15,Onion,Tirupati,1554,108
2023-01-15,Onion,Anantapur,1549,68
2023-01-16,Onion,Guntur,1648,109
2023-01-16,Onion,Vijayawada,1656,112
2023-01-16,Onion,Tirupati,1536,49
2023-01-16,Onion,Anantapur,1683,24
2023-01-17,Onion,Guntur,1584,75
2023-01-17,Onion,Vijayawada,1729,105
2023-01-17,Onion,Tirupati,1643,22
2023-01-17,Onion,Anantapur,1530,78
2023-01-18,Onion,Guntur,1766,41
2023-01-18,Onion,Vijayawada,1571,100
2023-01-18,Onion,Tirupati,1409,23
2023-01-18,Onion,Anantapur,1540,48
2023-01-19,Onion,Guntur,1795,96
2023-01-19,Onion,Vijayawada,1642,119
2023-01-19,Onion,Tirupati,1569,47
2023-01-19,Onion,Anantapur,1765,116
2023-01-20,Onion,Guntur,1666,51
2023-01-20,Onion,Vijayawada,1643,81
2023-01-20,Onion,Tirupati,1689,55
2023-01-20,Onion,Anantapur,1448,20
2023-01-21,Onion,Guntur,1777,80
2023-01-21,Onion,Vijayawada,1646,64
2023-01-21,Onion,Tirupati,1748,116
2023-01-21,Onion,Anantapur,1632,105
2023-01-22,Onion,Guntur,1617,52
2023-01-22,Onion,Vijayawada,1491,48
2023-01-22,Onion,Tirupati,1774,28
2023-01-22,Onion,Anantapur,1494,62
2023-01-23,Onion,Guntur,1732,43
2023-01-23,Onion,Vijayawada,1514,45
2023-01-23,Onion,Tirupati,1408,31
2023-01-23,Onion,Anantapur,1570,78
2023-01-24,Onion,Guntur,1577,67
2023-01-24,Onion,Vijayawada,1496,21
2023-01-24,Onion,Tirupati,1580,43
2023-01-24,Onion,Anantapur,1466,29
2023-01-25,Onion,Guntur,1416,100
2023-01-25,Onion,Vijayawada,1612,28
2023-01-25,Onion,Tirupati,1438,35
2023-01-25,Onion,Anantapur,1788,50
2023-01-26,Onion,Guntur,1620,91
2023-01-26,Onion,Vijayawada,1537,63
2023-01-26,Onion,Tirupati,1547,112
2023-01-26,Onion,Anantapur,1610,118
2023-01-27,Onion,Guntur,1516,70
2023-01-27,Onion,Vijayawada,1595,91
2023-01-27,Onion,Tirupati,1494,38
2023-01-27,Onion,Anantapur,1590,24
2023-01-28,Onion,Guntur,1721,79
2023-01-28,Onion,Vijayawada,1436,65
2023-01-28,Onion,Tirupati,1681,29
2023-01-28,Onion,Anantapur,1606,108
2023-01-29,Onion,Guntur,1470,37
2023-01-29,Onion,Vijayawada,1738,41
2023-01-29,Onion,Tirupati,1783,119
2023-01-29,Onion,Anantapur,1597,61
2023-01-30,Onion,Guntur,1736,57
2023-01-30,Onion,Vijayawada,1402,85
2023-01-30,Onion,Tirupati,1711,50
2023-01-30,Onion,Anantapur,1798,26
2023-01-31,Onion,Guntur,1781,22
2023-01-31,Onion,Vijayawada,1714,68
2023-01-31,Onion,Tirupati,1786,72
2023-01-31,Onion,Anantapur,1678,67
2023-02-01,Onion,Guntur,1571,91
2023-02-01,Onion,Vijayawada,1487,109
2023-02-01,Onion,Tirupati,1536,78
2023-02-01,Onion,Anantapur,1524,42
2023-02-02,Onion,Guntur,1582,86
2023-02-02,Onion,Vijayawada,1660,115
2023-02-02,Onion,Tirupati,1598,75
2023-02-02,Onion,Anantapur,1688,28
2023-02-03,Onion,Guntur,1564,34
2023-02-03,Onion,Vijayawada,1537,37
2023-02-03,Onion,Tirupati,1441,114
2023-02-03,Onion,Anantapur,1495,56
2023-02-04,Onion,Guntur,1578,55
2023-02-04,Onion,Vijayawada,1598,57
2023-02-04,Onion,Tirupati,1600,80
2023-02-04,Onion,Anantapur,1762,35
2023-02-05,Onion,Guntur,1572,56
2023-02-05,Onion,Vijayawada,1464,62
2023-02-05,Onion,Tirupati,1756,86
2023-02-05,Onion,Anantapur,1439,31
2023-02-06,Onion,Guntur,1554,79
2023-02-06,Onion,Vijayawada,1784,27
2023-02-06,Onion,Tirupati,1756,95
2023-02-06,Onion,Anantapur,1484,20
2023-02-07,Onion,Guntur,1697,67
2023-02-07,Onion,Vijayawada,1767,112
2023-02-07,Onion,Tirupati,1506,86
2023-02-07,Onion,Anantapur,1463,53
2023-02-08,Onion,Guntur,1449,103
2023-02-08,Onion,Vijayawada,1502,27
2023-02-08,Onion,Tirupati,1481,53
2023-02-08,Onion,Anantapur,1537,61
2023-02-09,Onion,Guntur,1711,81
2023-02-09,Onion,Vijayawada,1709,75
2023-02-09,Onion,Tirupati,1750,60
2023-02-09,Onion,Anantapur,1756,119
2023-02-10,Onion,Guntur,1648,52
2023-02-10,Onion,Vijayawada,1482,82
2023-02-10,Onion,Tirupati,1745,112
2023-02-10,Onion,Anantapur,1644,63
2023-02-11,Onion,Guntur,1674,53
2023-02-11,Onion,Vijayawada,1664,74
2023-02-11,Onion,Tirupati,1757,71
2023-02-11,Onion,Anantapur,1556,54
2023-02-12,Onion,Guntur,1569,95
2023-02-12,Onion,Vijayawada,1536,21
2023-02-12,Onion,Tirupati,1554,76
2023-02-12,Onion,Anantapur,1771,44
2023-02-13,Onion,Guntur,1751,66
2023-02-13,Onion,Vijayawada,1764,32
2023-02-13,Onion,Tirupati,1613,38
2023-02-13,Onion,Anantapur,1577,105
2023-02-14,Onion,Guntur,1442,24
2023-02-14,Onion,Vijayawada,1735,99
2023-02-14,Onion,Tirupati,1730,115
2023-02-14,Onion,Anantapur,1423,29
2023-02-15,Onion,Guntur,1775,92
2023-02-15,Onion,Vijayawada,1413,29
2023-02-15,Onion,Tirupati,1683,56
2023-02-15,Onion,Anantapur,1668,68
2023-02-16,Onion,Guntur,1498,86
2023-02-16,Onion,Vijayawada,1692,68
2023-02-16,Onion,Tirupati,1687,54
2023-02-16,Onion,Anantapur,1401,92
2023-02-17,Onion,Guntur,1411,64
2023-02-17,Onion,Vijayawada,1671,40
2023-02-17,Onion,Tirupati,1563,71
2023-02-17,Onion,Anantapur,1533,84
2023-02-18,Onion,Guntur,1427,78
2023-02-18,Onion,Vijayawada,1785,59
2023-02-18,Onion,Tirupati,1619,23
2023-02-18,Onion,Anantapur,1538,111
2023-02-19,Onion,Guntur,1752,39
2023-02-19,Onion,Vijayawada,1639,115
2023-02-19,Onion,Tirupati,1579,53
2023-02-19,Onion,Anantapur,1415,108
2023-02-20,Onion,Guntur,1464,49
2023-02-20,Onion,Vijayawada,1480,33
2023-02-20,Onion,Tirupati,1560,88
2023-02-20,Onion,Anantapur,1703,32
2023-02-21,Onion,Guntur,1521,74
2023-02-21,Onion,Vijayawada,1764,102
2023-02-21,Onion,Tirupati,1659,81
2023-02-21,Onion,Anantapur,1486,22
2023-02-22,Onion,Guntur,1450,90
2023-02-22,Onion,Vijayawada,1455,29
2023-02-22,Onion,Tirupati,1797,37
2023-02-22,Onion,Anantapur,1681,118
2023-02-23,Onion,Guntur,1621,116
2023-02-23,Onion,Vijayawada,1561,68
2023-02-23,Onion,Tirupati,1603,96
2023-02-23,Onion,Anantapur,1426,70
2023-02-24,Onion,Guntur,1519,117
2023-02-24,Onion,Vijayawada,1601,82
2023-02-24,Onion,Tirupati,1491,107
2023-02-24,Onion,Anantapur,1647,43
2023-02-25,Onion,Guntur,1519,24
2023-02-25,Onion,Vijayawada,1506,23
2023-02-25,Onion,Tirupati,1786,65
2023-02-25,Onion,Anantapur,1659,57
2023-02-26,Onion,Guntur,1543,34
2023-02-26,Onion,Vijayawada,1674,115
2023-02-26,Onion,Tirupati,1512,43
2023-02-26,Onion,Anantapur,1588,48
2023-02-27,Onion,Guntur,1761,48
2023-02-27,Onion,Vijayawada,1751,67
2023-02-27,Onion,Tirupati,1415,78
2023-02-27,Onion,Anantapur,1662,75
2023-02-28,Onion,Guntur,1529,61
2023-02-28,Onion,Vijayawada,1512,115
2023-02-28,Onion,Tirupati,1436,23
2023-02-28,Onion,Anantapur,1713,84
2023-03-01,Onion,Guntur,1470,79
2023-03-01,Onion,Vijayawada,1460,83
2023-03-01,Onion,Tirupati,1400,115
2023-03-01,Onion,Anantapur,1748,97
2023-03-02,Onion,Guntur,1542,102
2023-03-02,Onion,Vijayawada,1706,47
2023-03-02,Onion,Tirupati,1775,47
2023-03-02,Onion,Anantapur,1640,105
2023-03-03,Onion,Guntur,1400,67
2023-03-03,Onion,Vijayawada,1516,21
2023-03-03,Onion,Tirupati,1729,89
2023-03-03,Onion,Anantapur,1590,32
2023-03-04,Onion,Guntur,1492,111
2023-03-04,Onion,Vijayawada,1780,67
2023-03-04,Onion,Tirupati,1568,40
2023-03-04,Onion,Anantapur,1406,53
2023-03-05,Onion,Guntur,1561,21
2023-03-05,Onion,Vijayawada,1508,85
2023-03-05,Onion,Tirupati,1541,35
2023-03-05,Onion,Anantapur,1791,62
2023-03-06,Onion,Guntur,1621,89
2023-03-06,Onion,Vijayawada,1478,93
2023-03-06,Onion,Tirupati,1418,34
2023-03-06,Onion,Anantapur,1508,92
2023-03-07,Onion,Guntur,1500,57
2023-03-07,Onion,Vijayawada,1400,73
2023-03-07,Onion,Tirupati,1620,67
2023-03-07,Onion,Anantapur,1444,20
2023-03-08,Onion,Guntur,1728,70
2023-03-08,Onion,Vijayawada,1708,83
2023-03-08,Onion,Tirupati,1514,84
2023-03-08,Onion,Anantapur,1768,111
2023-03-09,Onion,Guntur,1655,45
2023-03-09,Onion,Vijayawada,1560,56
2023-03-09,Onion,Tirupati,1537,54
2023-03-09,Onion,Anantapur,1600,86
2023-03-10,Onion,Guntur,1756,80
2023-03-10,Onion,Vijayawada,1646,54
2023-03-10,Onion,Tirupati,1784,48
2023-03-10,Onion,Anantapur,1684,79
2023-03-11,Onion,Guntur,1429,110
2023-03-11,Onion,Vijayawada,1497,20
2023-03-11,Onion,Tirupati,1688,95
2023-03-11,Onion,Anantapur,1787,44
2023-03-12,Onion,Guntur,1567,105
2023-03-12,Onion,Vijayawada,1669,118
2023-03-12,Onion,Tirupati,1584,29
2023-03-12,Onion,Anantapur,1455,25
2023-03-13,Onion,Guntur,1452,118
2023-03-13,Onion,Vijayawada,1726,78
2023-03-13,Onion,Tirupati,1403,30
2023-03-13,Onion,Anantapur,1412,86
2023-03-14,Onion,Guntur,1738,41
2023-03-14,Onion,Vijayawada,1455,28
2023-03-14,Onion,Tirupati,1673,79
2023-03-14,Onion,Anantapur,1732,69
2023-03-15,Onion,Guntur,1672,33
2023-03-15,Onion,Vijayawada,1730,32
2023-03-15,Onion,Tirupati,1587,50
2023-03-15,Onion,Anantapur,1570,57
2023-03-16,Onion,Guntur,1643,60
2023-03-16,Onion,Vijayawada,1682,67
2023-03-16,Onion,Tirupati,1617,61
2023-03-16,Onion,Anantapur,1516,64
2023-03-17,Onion,Guntur,1788,43
2023-03-17,Onion,Vijayawada,1719,116
2023-03-17,Onion,Tirupati,1497,96
2023-03-17,Onion,Anantapur,1758,92
2023-03-18,Onion,Guntur,1711,31
2023-03-18,Onion,Vijayawada,1644,58
2023-03-18,Onion,Tirupati,1642,87
2023-03-18,Onion,Anantapur,1641,102
2023-03-19,Onion,Guntur,1647,35
2023-03-19,Onion,Vijayawada,1776,82
2023-03-19,Onion,Tirupati,1539,108
2023-03-19,Onion,Anantapur,1657,29
2023-03-20,Onion,Guntur,1514,73
2023-03-20,Onion,Vijayawada,1598,93
2023-03-20,Onion,Tirupati,1773,33
2023-03-20,Onion,Anantapur,1426,58
2023-03-21,Onion,Guntur,1531,112
2023-03-21,Onion,Vijayawada,1760,91
2023-03-21,Onion,Tirupati,1601,78
2023-03-21,Onion,Anantapur,1562,29
2023-03-22,Onion,Guntur,1575,71
2023-03-22,Onion,Vijayawada,1445,24
2023-03-22,Onion,Tirupati,1409,112
2023-03-22,Onion,Anantapur,1512,91
2023-03-23,Onion,Guntur,1557,44
2023-03-23,Onion,Vijayawada,1728,118
2023-03-23,Onion,Tirupati,1615,68
2023-03-23,Onion,Anantapur,1740,95
2023-03-24,Onion,Guntur,1493,35
2023-03-24,Onion,Vijayawada,1455,50
2023-03-24,Onion,Tirupati,1658,32
2023-03-24,Onion,Anantapur,1772,20
2023-03-25,Onion,Guntur,1549,46
2023-03-25,Onion,Vijayawada,1683,39
2023-03-25,Onion,Tirupati,1469,63
2023-03-25,Onion,Anantapur,1601,105
2023-03-26,Onion,Guntur,1714,63
2023-03-26,Onion,Vijayawada,1739,98
2023-03-26,Onion,Tirupati,1418,68
2023-03-26,Onion,Anantapur,1433,90
2023-03-27,Onion,Guntur,1483,77
2023-03-27,Onion,Vijayawada,1463,72
2023-03-27,Onion,Tirupati,1626,67
2023-03-27,Onion,Anantapur,1481,93
2023-03-28,Onion,Guntur,1543,26
2023-03-28,Onion,Vijayawada,1736,64
2023-03-28,Onion,Tirupati,1491,65
2023-03-28,Onion,Anantapur,1693,108
2023-03-29,Onion,Guntur,1400,94
2023-03-29,Onion,Vijayawada,1482,86
2023-03-29,Onion,Tirupati,1487,117
2023-03-29,Onion,Anantapur,1697,28
2023-03-30,Onion,Guntur,1660,25
2023-03-30,Onion,Vijayawada,1411,38
2023-03-30,Onion,Tirupati,1474,54
2023-03-30,Onion,Anantapur,1556,83
2023-03-31,Onion,Guntur,1587,30
2023-03-31,Onion,Vijayawada,1772,85
2023-03-31,Onion,Tirupati,1768,30
2023-03-31,Onion,Anantapur,1640,87
2023-04-01,Onion,Guntur,1619,40
2023-04-01,Onion,Vijayawada,1773,116
2023-04-01,Onion,Tirupati,1702,35
2023-04-01,Onion,Anantapur,1407,110
2023-04-02,Onion,Guntur,1790,30
2023-04-02,Onion,Vijayawada,1553,44
2023-04-02,Onion,Tirupati,1486,29
2023-04-02,Onion,Anantapur,1663,96
2023-04-03,Onion,Guntur,1565,43
2023-04-03,Onion,Vijayawada,1738,100
2023-04-03,Onion,Tirupati,1643,55
2023-04-03,Onion,Anantapur,1506,88
2023-04-04,Onion,Guntur,1564,38
2023-04-04,Onion,Vijayawada,1511,118
2023-04-04,Onion,Tirupati,1575,97
2023-04-04,Onion,Anantapur,1795,49
2023-04-05,Onion,Guntur,1517,114
2023-04-05,Onion,Vijayawada,1729,91
2023-04-05,Onion,Tirupati,1654,55
2023-04-05,Onion,Anantapur,1402,90
2023-04-06,Onion,Guntur,1456,49
2023-04-06,Onion,Vijayawada,1735,83
2023-04-06,Onion,Tirupati,1655,53
2023-04-06,Onion,Anantapur,1544,104
2023-04-07,Onion,Guntur,1430,25
2023-04-07,Onion,Vijayawada,1586,46
2023-04-07,Onion,Tirupati,1542,72
2023-04-07,Onion,Anantapur,1506,93
2023-04-08,Onion,Guntur,1467,114
2023-04-08,Onion,Vijayawada,1648,27
2023-04-08,Onion,Tirupati,1404,118
2023-04-08,Onion,Anantapur,1600,56
2023-04-09,Onion,Guntur,1707,89
2023-04-09,Onion,Vijayawada,1666,88
2023-04-09,Onion,Tirupati,1513,102
2023-04-09,Onion,Anantapur,1588,27
2023-04-10,Onion,Guntur,1416,43
2023-04-10,Onion,Vijayawada,1530,29
2023-04-10,Onion,Tirupati,1436,110
2023-04-10,Onion,Anantapur,1739,109
2023-04-11,Onion,Guntur,1474,84
2023-04-11,Onion,Vijayawada,1647,92
2023-04-11,Onion,Tirupati,1617,69
2023-04-11,Onion,Anantapur,1659,56
2023-04-12,Onion,Guntur,1586,21
2023-04-12,Onion,Vijayawada,1675,42
2023-04-12,Onion,Tirupati,1592,58
2023-04-12,Onion,Anantapur,1570,59
2023-04-13,Onion,Guntur,1473,81
2023-04-13,Onion,Vijayawada,1727,110
2023-04-13,Onion,Tirupati,1623,89
2023-04-13,Onion,Anantapur,1711,76
2023-04-14,Onion,Guntur,1504,110
2023-04-14,Onion,Vijayawada,1418,108
2023-04-14,Onion,Tirupati,1721,75
2023-04-14,Onion,Anantapur,1669,54
2023-04-15,Onion,Guntur,1721,35
2023-04-15,Onion,Vijayawada,1667,114
2023-04-15,Onion,Tirupati,1515,107
2023-04-15,Onion,Anantapur,1582,115
2023-04-16,Onion,Guntur,1617,55
2023-04-16,Onion,Vijayawada,1671,55
2023-04-16,Onion,Tirupati,1779,103
2023-04-16,Onion,Anantapur,1475,86
2023-04-17,Onion,Guntur,1423,89
2023-04-17,Onion,Vijayawada,1462,75
2023-04-17,Onion,Tirupati,1711,36
2023-04-17,Onion,Anantapur,1433,62
2023-04-18,Onion,Guntur,1657,21
2023-04-18,Onion,Vijayawada,1625,61
2023-04-18,Onion,Tirupati,1576,23
2023-04-18,Onion,Anantapur,1651,29
2023-04-19,Onion,Guntur,1688,33
2023-04-19,Onion,Vijayawada,1647,83
2023-04-19,Onion,Tirupati,1738,60
2023-04-19,Onion,Anantapur,1785,22
2023-04-20,Onion,Guntur,1611,52
2023-04-20,Onion,Vijayawada,1563,83
2023-04-20,Onion,Tirupati,1540,52
2023-04-20,Onion,Anantapur,1551,81
2023-04-21,Onion,Guntur,1709,93
2023-04-21,Onion,Vijayawada,1702,109
2023-04-21,Onion,Tirupati,1501,105
2023-04-21,Onion,Anantapur,1491,80
2023-04-22,Onion,Guntur,1573,47
2023-04-22,Onion,Vijayawada,1497,79
2023-04-22,Onion,Tirupati,1541,54
2023-04-22,Onion,Anantapur,1617,48
2023-04-23,Onion,Guntur,1407,98
2023-04-23,Onion,Vijayawada,1454,28
2023-04-23,Onion,Tirupati,1509,40
2023-04-23,Onion,Anantapur,1478,84
2023-04-24,Onion,Guntur,1484,38
2023-04-24,Onion,Vijayawada,1622,81
2023-04-24,Onion,Tirupati,1414,85
2023-04-24,Onion,Anantapur,1752,22
2023-04-25,Onion,Guntur,1536,54
2023-04-25,Onion,Vijayawada,1566,39
2023-04-25,Onion,Tirupati,1624,28
2023-04-25,Onion,Anantapur,1483,90
2023-04-26,Onion,Guntur,1727,45
2023-04-26,Onion,Vijayawada,1766,24
2023-04-26,Onion,Tirupati,1731,22
2023-04-26,Onion,Anantapur,1631,94
2023-04-27,Onion,Guntur,1419,25
2023-04-27,Onion,Vijayawada,1617,74
2023-04-27,Onion,Tirupati,1458,115
2023-04-27,Onion,Anantapur,1611,28
2023-04-28,Onion,Guntur,1707,38
2023-04-28,Onion,Vijayawada,1486,44
2023-04-28,Onion,Tirupati,1648,94
2023-04-28,Onion,Anantapur,1741,29
2023-04-29,Onion,Guntur,1717,81
2023-04-29,Onion,Vijayawada,1501,41
2023-04-29,Onion,Tirupati,1721,84
2023-04-29,Onion,Anantapur,1504,84
2023-04-30,Onion,Guntur,1442,103
2023-04-30,Onion,Vijayawada,1424,99
2023-04-30,Onion,Tirupati,1638,101
2023-04-30,Onion,Anantapur,1660,100
2023-05-01,Onion,Guntur,1758,54
2023-05-01,Onion,Vijayawada,1614,55
2023-05-01,Onion,Tirupati,1600,96
2023-05-01,Onion,Anantapur,1449,109
2023-05-02,Onion,Guntur,1735,36
2023-05-02,Onion,Vijayawada,1507,101
2023-05-02,Onion,Tirupati,1723,54
2023-05-02,Onion,Anantapur,1529,29
2023-05-03,Onion,Guntur,1525,80
2023-05-03,Onion,Vijayawada,1507,38
2023-05-03,Onion,Tirupati,1459,106
2023-05-03,Onion,Anantapur,1751,117
2023-05-04,Onion,Guntur,1449,99
2023-05-04,Onion,Vijayawada,1453,59
2023-05-04,Onion,Tirupati,1667,66
2023-05-04,Onion,Anantapur,1602,73
2023-05-05,Onion,Guntur,1776,37
2023-05-05,Onion,Vijayawada,1739,34
2023-05-05,Onion,Tirupati,1520,107
2023-05-05,Onion,Anantapur,1431,107
2023-05-06,Onion,Guntur,1447,57
2023-05-06,Onion,Vijayawada,1686,115
2023-05-06,Onion,Tirupati,1518,95
2023-05-06,Onion,Anantapur,1489,78
2023-05-07,Onion,Guntur,1588,85
2023-05-07,Onion,Vijayawada,1745,76
2023-05-07,Onion,Tirupati,1759,95
2023-05-07,Onion,Anantapur,1699,59
2023-05-08,Onion,Guntur,1516,24
2023-05-08,Onion,Vijayawada,1767,107
2023-05-08,Onion,Tirupati,1446,66
2023-05-08,Onion,Anantapur,1558,46
2023-05-09,Onion,Guntur,1644,94
2023-05-09,Onion,Vijayawada,1528,23
2023-05-09,Onion,Tirupati,1671,95
2023-05-09,Onion,Anantapur,1600,42
2023-05-10,Onion,Guntur,1543,114
2023-05-10,Onion,Vijayawada,1433,45
2023-05-10,Onion,Tirupati,1644,116
2023-05-10,Onion,Anantapur,1566,98
2023-05-11,Onion,Guntur,1788,70
2023-05-11,Onion,Vijayawada,1468,39
2023-05-11,Onion,Tirupati,1588,23
2023-05-11,Onion,Anantapur,1720,80
2023-05-12,Onion,Guntur,1546,48
2023-05-12,Onion,Vijayawada,1690,86
2023-05-12,Onion,Tirupati,1440,79
2023-05-12,Onion,Anantapur,1621,84
2023-05-13,Onion,Guntur,1549,100
2023-05-13,Onion,Vijayawada,1769,105
2023-05-13,Onion,Tirupati,1471,42
2023-05-13,Onion,Anantapur,1402,110
2023-05-14,Onion,Guntur,1444,80
2023-05-14,Onion,Vijayawada,1620,37
2023-05-14,Onion,Tirupati,1529,111
2023-05-14,Onion,Anantapur,1527,95
2023-05-15,Onion,Guntur,1564,61
2023-05-15,Onion,Vijayawada,1432,109
2023-05-15,Onion,Tirupati,1685,30
2023-05-15,Onion,Anantapur,1705,95
2023-05-16,Onion,Guntur,1486,23
2023-05-16,Onion,Vijayawada,1439,56
2023-05-16,Onion,Tirupati,1640,71
2023-05-16,Onion,Anantapur,1690,88
2023-05-17,Onion,Guntur,1418,20
2023-05-17,Onion,Vijayawada,1403,83
2023-05-17,Onion,Tirupati,1618,30
2023-05-17,Onion,Anantapur,1609,101
2023-05-18,Onion,Guntur,1587,107
2023-05-18,Onion,Vijayawada,1723,103
2023-05-18,Onion,Tirupati,1572,78
2023-05-18,Onion,Anantapur,1642,40
2023-05-19,Onion,Guntur,1539,59
2023-05-19,Onion,Vijayawada,1610,30
2023-05-19,Onion,Tirupati,1625,77
2023-05-19,Onion,Anantapur,1631,86
2023-05-20,Onion,Guntur,1403,88
2023-05-20,Onion,Vijayawada,1627,104
2023-05-20,Onion,Tirupati,1755,66
2023-05-20,Onion,Anantapur,1460,92
2023-05-21,Onion,Guntur,1687,87
2023-05-21,Onion,Vijayawada,1459,110
2023-05-21,Onion,Tirupati,1709,63
2023-05-21,Onion,Anantapur,1612,59
2023-05-22,Onion,Guntur,1704,80
2023-05-22,Onion,Vijayawada,1641,100
2023-05-22,Onion,Tirupati,1748,118
2023-05-22,Onion,Anantapur,1426,30
2023-05-23,Onion,Guntur,1572,34
2023-05-23,Onion,Vijayawada,1785,116
2023-05-23,Onion,Tirupati,1481,102
2023-05-23,Onion,Anantapur,1695,66
2023-05-24,Onion,Guntur,1698,81
2023-05-24,Onion,Vijayawada,1521,91
2023-05-24,Onion,Tirupati,1759,108
2023-05-24,Onion,Anantapur,1400,92
2023-05-25,Onion,Guntur,1797,37
2023-05-25,Onion,Vijayawada,1410,117
2023-05-25,Onion,Tirupati,1752,55
2023-05-25,Onion,Anantapur,1701,107
2023-05-26,Onion,Guntur,1470,97
2023-05-26,Onion,Vijayawada,1504,48
2023-05-26,Onion,Tirupati,1416,64
2023-05-26,Onion,Anantapur,1493,77
2023-05-27,Onion,Guntur,1697,73
2023-05-27,Onion,Vijayawada,1516,40
2023-05-27,Onion,Tirupati,1451,60
2023-05-27,Onion,Anantapur,1628,87
2023-05-28,Onion,Guntur,1427,43
2023-05-28,Onion,Vijayawada,1449,117
2023-05-28,Onion,Tirupati,1579,113
2023-05-28,Onion,Anantapur,1581,98
2023-05-29,Onion,Guntur,1473,88
2023-05-29,Onion,Vijayawada,1529,67
2023-05-29,Onion,Tirupati,1561,88
2023-05-29,Onion,Anantapur,1507,79
2023-05-30,Onion,Guntur,1586,47
2023-05-30,Onion,Vijayawada,1625,60
2023-05-30,Onion,Tirupati,1425,26
2023-05-30,Onion,Anantapur,1752,26
2023-05-31,Onion,Guntur,1564,92
2023-05-31,Onion,Vijayawada,1505,87
2023-05-31,Onion,Tirupati,1675,75
2023-05-31,Onion,Anantapur,1780,41
2023-06-01,Onion,Guntur,1762,35
2023-06-01,Onion,Vijayawada,1453,38
2023-06-01,Onion,Tirupati,1418,36
2023-06-01,Onion,Anantapur,1610,89
2023-06-02,Onion,Guntur,1511,99
2023-06-02,Onion,Vijayawada,1511,44
2023-06-02,Onion,Tirupati,1698,54
2023-06-02,Onion,Anantapur,1700,76
2023-06-03,Onion,Guntur,1449,64
2023-06-03,Onion,Vijayawada,1522,38
2023-06-03,Onion,Tirupati,1470,38
2023-06-03,Onion,Anantapur,1655,111
2023-06-04,Onion,Guntur,1459,65
2023-06-04,Onion,Vijayawada,1566,85
2023-06-04,Onion,Tirupati,1547,43
2023-06-04,Onion,Anantapur,1696,37
2023-06-05,Onion,Guntur,1444,68
2023-06-05,Onion,Vijayawada,1585,68
2023-06-05,Onion,Tirupati,1613,84
2023-06-05,Onion,Anantapur,1763,40
2023-06-06,Onion,Guntur,1434,114
2023-06-06,Onion,Vijayawada,1783,37
2023-06-06,Onion,Tirupati,1744,32
2023-06-06,Onion,Anantapur,1624,36
2023-06-07,Onion,Guntur,1676,25
2023-06-07,Onion,Vijayawada,1523,108
2023-06-07,Onion,Tirupati,1761,31
2023-06-07,Onion,Anantapur,1445,75
2023-06-08,Onion,Guntur,1527,76
2023-06-08,Onion,Vijayawada,1407,67
2023-06-08,Onion,Tirupati,1798,104
2023-06-08,Onion,Anantapur,1571,50
2023-06-09,Onion,Guntur,1686,52
2023-06-09,Onion,Vijayawada,1457,87
2023-06-09,Onion,Tirupati,1631,84
2023-06-09,Onion,Anantapur,1629,46
2023-06-10,Onion,Guntur,1739,80
2023-06-10,Onion,Vijayawada,1506,47
2023-06-10,Onion,Tirupati,1760,116
2023-06-10,Onion,Anantapur,1633,88
2023-06-11,Onion,Guntur,1763,25
2023-06-11,Onion,Vijayawada,1416,76
2023-06-11,Onion,Tirupati,1570,101
2023-06-11,Onion,Anantapur,1506,81
2023-06-12,Onion,Guntur,1726,73
2023-06-12,Onion,Vijayawada,1754,108
2023-06-12,Onion,Tirupati,1684,35
2023-06-12,Onion,Anantapur,1653,76
2023-06-13,Onion,Guntur,1690,37
2023-06-13,Onion,Vijayawada,1797,96
2023-06-13,Onion,Tirupati,1766,29
2023-06-13,Onion,Anantapur,1698,25
2023-06-14,Onion,Guntur,1446,64
2023-06-14,Onion,Vijayawada,1614,65
2023-06-14,Onion,Tirupati,1664,51
2023-06-14,Onion,Anantapur,1453,77
2023-06-15,Onion,Guntur,1452,86
2023-06-15,Onion,Vijayawada,1530,63
2023-06-15,Onion,Tirupati,1786,72
2023-06-15,Onion,Anantapur,1724,116
2023-06-16,Onion,Guntur,1655,87
2023-06-16,Onion,Vijayawada,1602,107
2023-06-16,Onion,Tirupati,1559,76
2023-06-16,Onion,Anantapur,1597,94
2023-06-17,Onion,Guntur,1428,92
2023-06-17,Onion,Vijayawada,1479,98
2023-06-17,Onion,Tirupati,1405,73
2023-06-17,Onion,Anantapur,1716,77
2023-06-18,Onion,Guntur,1789,61
2023-06-18,Onion,Vijayawada,1652,49
2023-06-18,Onion,Tirupati,1629,36
2023-06-18,Onion,Anantapur,1568,86
2023-06-19,Onion,Guntur,1726,21
2023-06-19,Onion,Vijayawada,1621,53
2023-06-19,Onion,Tirupati,1686,116
2023-06-19,Onion,Anantapur,1642,98
2023-06-20,Onion,Guntur,1659,76
2023-06-20,Onion,Vijayawada,1457,95
2023-06-20,Onion,Tirupati,1615,37
2023-06-20,Onion,Anantapur,1664,59
2023-06-21,Onion,Guntur,1720,118
2023-06-21,Onion,Vijayawada,1788,114
2023-06-21,Onion,Tirupati,1509,50
2023-06-21,Onion,Anantapur,1587,119
2023-06-22,Onion,Guntur,1438,111
2023-06-22,Onion,Vijayawada,1681,59
2023-06-22,Onion,Tirupati,1772,84
2023-06-22,Onion,Anantapur,1561,45
2023-06-23,Onion,Guntur,1465,110
2023-06-23,Onion,Vijayawada,1425,48
2023-06-23,Onion,Tirupati,1768,61
2023-06-23,Onion,Anantapur,1789,48
2023-06-24,Onion,Guntur,1660,102
2023-06-24,Onion,Vijayawada,1525,40
2023-06-24,Onion,Tirupati,1522,84
2023-06-24,Onion,Anantapur,1610,107
2023-06-25,Onion,Guntur,1551,61
2023-06-25,Onion,Vijayawada,1735,58
2023-06-25,Onion,Tirupati,1490,24
2023-06-25,Onion,Anantapur,1522,71
2023-06-26,Onion,Guntur,1703,107
2023-06-26,Onion,Vijayawada,1485,54
2023-06-26,Onion,Tirupati,1547,36
2023-06-26,Onion,Anantapur,1528,69
2023-06-27,Onion,Guntur,1406,102
2023-06-27,Onion,Vijayawada,1777,97
2023-06-27,Onion,Tirupati,1686,64
2023-06-27,Onion,Anantapur,1562,112
2023-06-28,Onion,Guntur,1618,52
2023-06-28,Onion,Vijayawada,1525,85
2023-06-28,Onion,Tirupati,1506,68
2023-06-28,Onion,Anantapur,1422,50
2023-06-29,Onion,Guntur,1708,69
2023-06-29,Onion,Vijayawada,1745,117
2023-06-29,Onion,Tirupati,1507,48
2023-06-29,Onion,Anantapur,1754,28
2023-06-30,Onion,Guntur,1649,103
2023-06-30,Onion,Vijayawada,1410,81
2023-06-30,Onion,Tirupati,1799,63
2023-06-30,Onion,Anantapur,1745,82
2023-07-01,Onion,Guntur,1757,115
2023-07-01,Onion,Vijayawada,1478,116
2023-07-01,Onion,Tirupati,1621,36
2023-07-01,Onion,Anantapur,1696,37
2023-07-02,Onion,Guntur,1720,108
2023-07-02,Onion,Vijayawada,1641,101
2023-07-02,Onion,Tirupati,1492,53
2023-07-02,Onion,Anantapur,1468,83
2023-07-03,Onion,Guntur,1698,114
2023-07-03,Onion,Vijayawada,1532,118
2023-07-03,Onion,Tirupati,1443,118
2023-07-03,Onion,Anantapur,1531,114
2023-07-04,Onion,Guntur,1725,56
2023-07-04,Onion,Vijayawada,1714,39
2023-07-04,Onion,Tirupati,1760,73
2023-07-04,Onion,Anantapur,1519,98
2023-07-05,Onion,Guntur,1675,56
2023-07-05,Onion,Vijayawada,1681,91
2023-07-05,Onion,Tirupati,1509,85
2023-07-05,Onion,Anantapur,1556,62
2023-07-06,Onion,Guntur,1485,68
2023-07-06,Onion,Vijayawada,1720,51
2023-07-06,Onion,Tirupati,1604,56
2023-07-06,Onion,Anantapur,1668,66
2023-07-07,Onion,Guntur,1727,86
2023-07-07,Onion,Vijayawada,1726,77
2023-07-07,Onion,Tirupati,1633,85
2023-07-07,Onion,Anantapur,1669,28
2023-07-08,Onion,Guntur,1659,91
2023-07-08,Onion,Vijayawada,1685,115
2023-07-08,Onion,Tirupati,1658,83
2023-07-08,Onion,Anantapur,1418,105
2023-07-09,Onion,Guntur,1493,83
2023-07-09,Onion,Vijayawada,1675,22
2023-07-09,Onion,Tirupati,1693,71
2023-07-09,Onion,Anantapur,1561,50
2023-07-10,Onion,Guntur,1752,62
2023-07-10,Onion,Vijayawada,1784,28
2023-07-10,Onion,Tirupati,1426,36
2023-07-10,Onion,Anantapur,1654,28
2023-07-11,Onion,Guntur,1597,88
2023-07-11,Onion,Vijayawada,1417,70
2023-07-11,Onion,Tirupati,1414,34
2023-07-11,Onion,Anantapur,1417,49
2023-07-12,Onion,Guntur,1739,47
2023-07-12,Onion,Vijayawada,1536,21
2023-07-12,Onion,Tirupati,1712,41
2023-07-12,Onion,Anantapur,1532,84
2023-07-13,Onion,Guntur,1439,65
2023-07-13,Onion,Vijayawada,1666,100
2023-07-13,Onion,Tirupati,1641,33
2023-07-13,Onion,Anantapur,1640,71
2023-07-14,Onion,Guntur,1429,85
2023-07-14,Onion,Vijayawada,1546,36
2023-07-14,Onion,Tirupati,1595,51
2023-07-14,Onion,Anantapur,1407,56
2023-07-15,Onion,Guntur,1429,100
2023-07-15,Onion,Vijayawada,1606,111
2023-07-15,Onion,Tirupati,1779,57
2023-07-15,Onion,Anantapur,1506,53
2023-07-16,Onion,Guntur,1527,111
2023-07-16,Onion,Vijayawada,1622,109
2023-07-16,Onion,Tirupati,1778,93
2023-07-16,Onion,Anantapur,1659,46
2023-07-17,Onion,Guntur,1445,25
2023-07-17,Onion,Vijayawada,1580,73
2023-07-17,Onion,Tirupati,1422,68
2023-07-17,Onion,Anantapur,1600,75
2023-07-18,Onion,Guntur,1635,27
2023-07-18,Onion,Vijayawada,1761,35
2023-07-18,Onion,Tirupati,1416,95
2023-07-18,Onion,Anantapur,1486,118
2023-07-19,Onion,Guntur,1482,89
2023-07-19,Onion,Vijayawada,1794,64
2023-07-19,Onion,Tirupati,1403,42
2023-07-19,Onion,Anantapur,1433,42
2023-07-20,Onion,Guntur,1754,44
2023-07-20,Onion,Vijayawada,1741,49
2023-07-20,Onion,Tirupati,1794,88
2023-07-20,Onion,Anantapur,1415,74
2023-07-21,Onion,Guntur,1772,37
2023-07-21,Onion,Vijayawada,1709,119
2023-07-21,Onion,Tirupati,1631,86
2023-07-21,Onion,Anantapur,1717,47
2023-07-22,Onion,Guntur,1668,55
2023-07-22,Onion,Vijayawada,1748,77
2023-07-22,Onion,Tirupati,1416,84
2023-07-22,Onion,Anantapur,1614,105
2023-07-23,Onion,Guntur,1559,44
2023-07-23,Onion,Vijayawada,1597,101
2023-07-23,Onion,Tirupati,1422,45
2023-07-23,Onion,Anantapur,1476,39
2023-07-24,Onion,Guntur,1534,50
2023-07-24,Onion,Vijayawada,1769,74
2023-07-24,Onion,Tirupati,1723,102
2023-07-24,Onion,Anantapur,1401,68
2023-07-25,Onion,Guntur,1617,73
2023-07-25,Onion,Vijayawada,1609,23
2023-07-25,Onion,Tirupati,1635,100
2023-07-25,Onion,Anantapur,1423,116
2023-07-26,Onion,Guntur,1504,42
2023-07-26,Onion,Vijayawada,1781,74
2023-07-26,Onion,Tirupati,1602,93
2023-07-26,Onion,Anantapur,1699,56
2023-07-27,Onion,Guntur,1529,53
2023-07-27,Onion,Vijayawada,1742,63
2023-07-27,Onion,Tirupati,1521,59
2023-07-27,Onion,Anantapur,1738,26
2023-07-28,Onion,Guntur,1601,115
2023-07-28,Onion,Vijayawada,1549,41
2023-07-28,Onion,Tirupati,1792,117
2023-07-28,Onion,Anantapur,1544,110
2023-07-29,Onion,Guntur,1499,82
2023-07-29,Onion,Vijayawada,1587,71
2023-07-29,Onion,Tirupati,1571,50
2023-07-29,Onion,Anantapur,1578,70
2023-07-30,Onion,Guntur,1726,70
2023-07-30,Onion,Vijayawada,1411,28
2023-07-30,Onion,Tirupati,1483,64
2023-07-30,Onion,Anantapur,1565,26
2023-07-31,Onion,Guntur,1438,107
2023-07-31,Onion,Vijayawada,1482,26
2023-07-31,Onion,Tirupati,1524,108
2023-07-31,Onion,Anantapur,1641,100
2023-08-01,Onion,Guntur,1590,87
2023-08-01,Onion,Vijayawada,1700,59
2023-08-01,Onion,Tirupati,1553,70
2023-08-01,Onion,Anantapur,1664,100
2023-08-02,Onion,Guntur,1740,95
2023-08-02,Onion,Vijayawada,1703,98
2023-08-02,Onion,Tirupati,1412,57
2023-08-02,Onion,Anantapur,1706,117
2023-08-03,Onion,Guntur,1429,62
2023-08-03,Onion,Vijayawada,1568,20
2023-08-03,Onion,Tirupati,1654,66
2023-08-03,Onion,Anantapur,1407,87
2023-08-04,Onion,Guntur,1413,26
2023-08-04,Onion,Vijayawada,1661,101
2023-08-04,Onion,Tirupati,1482,50
2023-08-04,Onion,Anantapur,1785,38
2023-08-05,Onion,Guntur,1548,76
2023-08-05,Onion,Vijayawada,1455,55
2023-08-05,Onion,Tirupati,1620,27
2023-08-05,Onion,Anantapur,1667,97
2023-08-06,Onion,Guntur,1710,98
2023-08-06,Onion,Vijayawada,1615,73
2023-08-06,Onion,Tirupati,1593,106
2023-08-06,Onion,Anantapur,1445,60
2023-08-07,Onion,Guntur,1746,55
2023-08-07,Onion,Vijayawada,1587,45
2023-08-07,Onion,Tirupati,1471,60
2023-08-07,Onion,Anantapur,1470,59
2023-08-08,Onion,Guntur,1746,85
2023-08-08,Onion,Vijayawada,1705,107
2023-08-08,Onion,Tirupati,1654,97
2023-08-08,Onion,Anantapur,1427,59
2023-08-09,Onion,Guntur,1471,69
2023-08-09,Onion,Vijayawada,1564,90
2023-08-09,Onion,Tirupati,1655,31
2023-08-09,Onion,Anantapur,1660,31
2023-08-10,Onion,Guntur,1786,63
2023-08-10,Onion,Vijayawada,1624,29
2023-08-10,Onion,Tirupati,1749,101
2023-08-10,Onion,Anantapur,1524,47
2023-08-11,Onion,Guntur,1518,63
2023-08-11,Onion,Vijayawada,1763,115
2023-08-11,Onion,Tirupati,1607,92
2023-08-11,Onion,Anantapur,1422,20
2023-08-12,Onion,Guntur,1653,48
2023-08-12,Onion,Vijayawada,1695,24
2023-08-12,Onion,Tirupati,1689,85
2023-08-12,Onion,Anantapur,1520,92
2023-08-13,Onion,Guntur,1516,77
2023-08-13,Onion,Vijayawada,1628,58
2023-08-13,Onion,Tirupati,1792,30
2023-08-13,Onion,Anantapur,1637,31
2023-08-14,Onion,Guntur,1599,113
2023-08-14,Onion,Vijayawada,1469,42
2023-08-14,Onion,Tirupati,1527,119
2023-08-14,Onion,Anantapur,1613,44
2023-08-15,Onion,Guntur,1719,81
2023-08-15,Onion,Vijayawada,1488,80
2023-08-15,Onion,Tirupati,1552,99
2023-08-15,Onion,Anantapur,1629,82
2023-08-16,Onion,Guntur,1401,35
2023-08-16,Onion,Vijayawada,1726,53
2023-08-16,Onion,Tirupati,1636,109
2023-08-16,Onion,Anantapur,1640,72
2023-08-17,Onion,Guntur,1597,23
2023-08-17,Onion,Vijayawada,1509,94
2023-08-17,Onion,Tirupati,1416,59
2023-08-17,Onion,Anantapur,1673,96
2023-08-18,Onion,Guntur,1512,117
2023-08-18,Onion,Vijayawada,1583,107
2023-08-18,Onion,Tirupati,1489,28
2023-08-18,Onion,Anantapur,1519,77
2023-08-19,Onion,Guntur,1408,109
2023-08-19,Onion,Vijayawada,1503,114
2023-08-19,Onion,Tirupati,1638,30
2023-08-19,Onion,Anantapur,1791,62
2023-08-20,Onion,Guntur,1785,82
2023-08-20,Onion,Vijayawada,1658,53
2023-08-20,Onion,Tirupati,1799,20
2023-08-20,Onion,Anantapur,1606,108
2023-08-21,Onion,Guntur,1755,47
2023-08-21,Onion,Vijayawada,1662,55
2023-08-21,Onion,Tirupati,1615,35
2023-08-21,Onion,Anantapur,1447,70
2023-08-22,Onion,Guntur,1473,59
2023-08-22,Onion,Vijayawada,1746,77
2023-08-22,Onion,Tirupati,1476,102
2023-08-22,Onion,Anantapur,1442,55
2023-08-23,Onion,Guntur,1486,40
2023-08-23,Onion,Vijayawada,1516,92
2023-08-23,Onion,Tirupati,1431,37
2023-08-23,Onion,Anantapur,1496,63
2023-08-24,Onion,Guntur,1612,35
2023-08-24,Onion,Vijayawada,1508,107
2023-08-24,Onion,Tirupati,1558,43
2023-08-24,Onion,Anantapur,1650,59
2023-08-25,Onion,Guntur,1746,95
2023-08-25,Onion,Vijayawada,1446,83
2023-08-25,Onion,Tirupati,1570,112
2023-08-25,Onion,Anantapur,1706,61
2023-08-26,Onion,Guntur,1419,29
2023-08-26,Onion,Vijayawada,1622,61
2023-08-26,Onion,Tirupati,1589,69
2023-08-26,Onion,Anantapur,1514,108
2023-08-27,Onion,Guntur,1559,57
2023-08-27,Onion,Vijayawada,1550,77
2023-08-27,Onion,Tirupati,1667,72
2023-08-27,Onion,Anantapur,1452,35
2023-08-28,Onion,Guntur,1451,85
2023-08-28,Onion,Vijayawada,1692,29
2023-08-28,Onion,Tirupati,1529,47
2023-08-28,Onion,Anantapur,1413,44
2023-08-29,Onion,Guntur,1647,112
2023-08-29,Onion,Vijayawada,1518,40
2023-08-29,Onion,Tirupati,1615,100
2023-08-29,Onion,Anantapur,1452,96
2023-08-30,Onion,Guntur,1420,91
2023-08-30,Onion,Vijayawada,1798,118
2023-08-30,Onion,Tirupati,1693,41
2023-08-30,Onion,Anantapur,1547,80
2023-08-31,Onion,Guntur,1748,52
2023-08-31,Onion,Vijayawada,1628,64
2023-08-31,Onion,Tirupati,1496,77
2023-08-31,Onion,Anantapur,1733,78
2023-09-01,Onion,Guntur,1597,87
2023-09-01,Onion,Vijayawada,1644,45
2023-09-01,Onion,Tirupati,1774,60
2023-09-01,Onion,Anantapur,1479,77
2023-09-02,Onion,Guntur,1457,78
2023-09-02,Onion,Vijayawada,1460,48
2023-09-02,Onion,Tirupati,1772,27
2023-09-02,Onion,Anantapur,1737,39
2023-09-03,Onion,Guntur,1550,101
2023-09-03,Onion,Vijayawada,1728,112
2023-09-03,Onion,Tirupati,1450,105
2023-09-03,Onion,Anantapur,1617,40
2023-09-04,Onion,Guntur,1534,65
2023-09-04,Onion,Vijayawada,1791,61
2023-09-04,Onion,Tirupati,1663,83
2023-09-04,Onion,Anantapur,1750,59
2023-09-05,Onion,Guntur,1505,109
2023-09-05,Onion,Vijayawada,1686,43
2023-09-05,Onion,Tirupati,1617,89
2023-09-05,Onion,Anantapur,1570,98
2023-09-06,Onion,Guntur,1769,93
2023-09-06,Onion,Vijayawada,1744,43
2023-09-06,Onion,Tirupati,1775,31
2023-09-06,Onion,Anantapur,1643,106
2023-09-07,Onion,Guntur,1641,101
2023-09-07,Onion,Vijayawada,1646,84
2023-09-07,Onion,Tirupati,1694,74
2023-09-07,Onion,Anantapur,1547,59
2023-09-08,Onion,Guntur,1516,65
2023-09-08,Onion,Vijayawada,1642,68
2023-09-08,Onion,Tirupati,1684,75
2023-09-08,Onion,Anantapur,1730,102
2023-09-09,Onion,Guntur,1408,58
2023-09-09,Onion,Vijayawada,1747,41
2023-09-09,Onion,Tirupati,1730,110
2023-09-09,Onion,Anantapur,1775,71
2023-09-10,Onion,Guntur,1549,119
2023-09-10,Onion,Vijayawada,1553,38
2023-09-10,Onion,Tirupati,1605,69
2023-09-10,Onion,Anantapur,1750,70
2023-09-11,Onion,Guntur,1445,98
2023-09-11,Onion,Vijayawada,1548,52
2023-09-11,Onion,Tirupati,1408,63
2023-09-11,Onion,Anantapur,1489,114
2023-09-12,Onion,Guntur,1719,36
2023-09-12,Onion,Vijayawada,1539,80
2023-09-12,Onion,Tirupati,1685,23
2023-09-12,Onion,Anantapur,1687,44
2023-09-13,Onion,Guntur,1517,28
2023-09-13,Onion,Vijayawada,1783,111
2023-09-13,Onion,Tirupati,1714,38
2023-09-13,Onion,Anantapur,1778,31
2023-09-14,Onion,Guntur,1574,74
2023-09-14,Onion,Vijayawada,1549,67
2023-09-14,Onion,Tirupati,1727,93
2023-09-14,Onion,Anantapur,1765,53
2023-09-15,Onion,Guntur,1772,84
2023-09-15,Onion,Vijayawada,1646,79
2023-09-15,Onion,Tirupati,1729,61
2023-09-15,Onion,Anantapur,1548,60
2023-09-16,Onion,Guntur,1446,83
2023-09-16,Onion,Vijayawada,1420,53
2023-09-16,Onion,Tirupati,1617,22
2023-09-16,Onion,Anantapur,1769,72
2023-09-17,Onion,Guntur,1457,75
2023-09-17,Onion,Vijayawada,1777,48
2023-09-17,Onion,Tirupati,1412,67
2023-09-17,Onion,Anantapur,1550,41
2023-09-18,Onion,Guntur,1741,83
2023-09-18,Onion,Vijayawada,1737,81
2023-09-18,Onion,Tirupati,1647,20
2023-09-18,Onion,Anantapur,1754,113
2023-09-19,Onion,Guntur,1417,78
2023-09-19,Onion,Vijayawada,1411,65
2023-09-19,Onion,Tirupati,1757,92
2023-09-19,Onion,Anantapur,1433,107
2023-09-20,Onion,Guntur,1525,54
2023-09-20,Onion,Vijayawada,1491,20
2023-09-20,Onion,Tirupati,1529,54
2023-09-20,Onion,Anantapur,1505,92
2023-09-21,Onion,Guntur,1432,71
2023-09-21,Onion,Vijayawada,1591,22
2023-09-21,Onion,Tirupati,1563,112
2023-09-21,Onion,Anantapur,1489,88
2023-09-22,Onion,Guntur,1633,110
2023-09-22,Onion,Vijayawada,1726,76
2023-09-22,Onion,Tirupati,1577,46
2023-09-22,Onion,Anantapur,1792,118
2023-09-23,Onion,Guntur,1635,68
2023-09-23,Onion,Vijayawada,1692,113
2023-09-23,Onion,Tirupati,1638,90
2023-09-23,Onion,Anantapur,1422,22
2023-09-24,Onion,Guntur,1504,50
2023-09-24,Onion,Vijayawada,1532,80
2023-09-24,Onion,Tirupati,1750,56
2023-09-24,Onion,Anantapur,1771,112
2023-09-25,Onion,Guntur,1435,86
2023-09-25,Onion,Vijayawada,1531,31
2023-09-25,Onion,Tirupati,1662,81
2023-09-25,Onion,Anantapur,1635,81
2023-09-26,Onion,Guntur,1467,100
2023-09-26,Onion,Vijayawada,1402,31
2023-09-26,Onion,Tirupati,1769,61
2023-09-26,Onion,Anantapur,1460,82
2023-09-27,Onion,Guntur,1526,66
2023-09-27,Onion,Vijayawada,1547,82
2023-09-27,Onion,Tirupati,1795,26
2023-09-27,Onion,Anantapur,1775,91
2023-09-28,Onion,Guntur,1525,81
2023-09-28,Onion,Vijayawada,1706,119
2023-09-28,Onion,Tirupati,1497,70
2023-09-28,Onion,Anantapur,1488,27
2023-09-29,Onion,Guntur,1466,89
2023-09-29,Onion,Vijayawada,1488,81
2023-09-29,Onion,Tirupati,1724,58
2023-09-29,Onion,Anantapur,1780,26
2023-09-30,Onion,Guntur,1751,50
2023-09-30,Onion,Vijayawada,1414,68
2023-09-30,Onion,Tirupati,1717,98
2023-09-30,Onion,Anantapur,1492,51
2023-10-01,Onion,Guntur,1577,53
2023-10-01,Onion,Vijayawada,1463,32
2023-10-01,Onion,Tirupati,1431,110
2023-10-01,Onion,Anantapur,1497,61
2023-10-02,Onion,Guntur,1436,33
2023-10-02,Onion,Vijayawada,1591,108
2023-10-02,Onion,Tirupati,1413,102
2023-10-02,Onion,Anantapur,1430,46
2023-10-03,Onion,Guntur,1771,45
2023-10-03,Onion,Vijayawada,1404,25
2023-10-03,Onion,Tirupati,1529,102
2023-10-03,Onion,Anantapur,1410,99
2023-10-04,Onion,Guntur,1510,76
2023-10-04,Onion,Vijayawada,1438,70
2023-10-04,Onion,Tirupati,1798,62
2023-10-04,Onion,Anantapur,1587,24
2023-10-05,Onion,Guntur,1639,73
2023-10-05,Onion,Vijayawada,1525,30
2023-10-05,Onion,Tirupati,1622,100
2023-10-05,Onion,Anantapur,1551,94
2023-10-06,Onion,Guntur,1730,37
2023-10-06,Onion,Vijayawada,1561,109
2023-10-06,Onion,Tirupati,1684,32
2023-10-06,Onion,Anantapur,1546,117
2023-10-07,Onion,Guntur,1647,119
2023-10-07,Onion,Vijayawada,1540,25
2023-10-07,Onion,Tirupati,1423,44
2023-10-07,Onion,Anantapur,1750,77
2023-10-08,Onion,Guntur,1759,93
2023-10-08,Onion,Vijayawada,1424,111
2023-10-08,Onion,Tirupati,1408,102
2023-10-08,Onion,Anantapur,1646,25
2023-10-09,Onion,Guntur,1516,111
2023-10-09,Onion,Vijayawada,1659,60
2023-10-09,Onion,Tirupati,1481,112
2023-10-09,Onion,Anantapur,1720,20
2023-10-10,Onion,Guntur,1473,55
2023-10-10,Onion,Vijayawada,1559,50
2023-10-10,Onion,Tirupati,1519,34
2023-10-10,Onion,Anantapur,1454,68
2023-10-11,Onion,Guntur,1569,53
2023-10-11,Onion,Vijayawada,1735,20
2023-10-11,Onion,Tirupati,1403,39
2023-10-11,Onion,Anantapur,1688,91
2023-10-12,Onion,Guntur,1666,90
2023-10-12,Onion,Vijayawada,1529,79
2023-10-12,Onion,Tirupati,1714,114
2023-10-12,Onion,Anantapur,1748,57
2023-10-13,Onion,Guntur,1765,80
2023-10-13,Onion,Vijayawada,1573,117
2023-10-13,Onion,Tirupati,1605,105
2023-10-13,Onion,Anantapur,1663,24
2023-10-14,Onion,Guntur,1791,74
2023-10-14,Onion,Vijayawada,1555,94
2023-10-14,Onion,Tirupati,1656,85
2023-10-14,Onion,Anantapur,1652,94
2023-10-15,Onion,Guntur,1734,92
2023-10-15,Onion,Vijayawada,1614,68
2023-10-15,Onion,Tirupati,1753,91
2023-10-15,Onion,Anantapur,1499,94
2023-10-16,Onion,Guntur,1520,63
2023-10-16,Onion,Vijayawada,1761,75
2023-10-16,Onion,Tirupati,1433,54
2023-10-16,Onion,Anantapur,1786,27
2023-10-17,Onion,Guntur,1556,64
2023-10-17,Onion,Vijayawada,1786,64
2023-10-17,Onion,Tirupati,1779,59
2023-10-17,Onion,Anantapur,1469,77
2023-10-18,Onion,Guntur,1524,58
2023-10-18,Onion,Vijayawada,1494,118
2023-10-18,Onion,Tirupati,1461,66
2023-10-18,Onion,Anantapur,1731,100
2023-10-19,Onion,Guntur,1765,48
2023-10-19,Onion,Vijayawada,1510,103
2023-10-19,Onion,Tirupati,1699,21
2023-10-19,Onion,Anantapur,1746,63
2023-10-20,Onion,Guntur,1456,34
2023-10-20,Onion,Vijayawada,1481,106
2023-10-20,Onion,Tirupati,1500,68
2023-10-20,Onion,Anantapur,1663,115
2023-10-21,Onion,Guntur,1402,65
2023-10-21,Onion,Vijayawada,1628,75
2023-10-21,Onion,Tirupati,1539,46
2023-10-21,Onion,Anantapur,1421,102
2023-10-22,Onion,Guntur,1619,116
2023-10-22,Onion,Vijayawada,1573,108
2023-10-22,Onion,Tirupati,1535,62
2023-10-22,Onion,Anantapur,1475,69
2023-10-23,Onion,Guntur,1572,65
2023-10-23,Onion,Vijayawada,1678,96
2023-10-23,Onion,Tirupati,1762,33
2023-10-23,Onion,Anantapur,1453,24
2023-10-24,Onion,Guntur,1523,99
2023-10-24,Onion,Vijayawada,1618,114
2023-10-24,Onion,Tirupati,1433,97
2023-10-24,Onion,Anantapur,1783,83
2023-10-25,Onion,Guntur,1501,70
2023-10-25,Onion,Vijayawada,1744,114
2023-10-25,Onion,Tirupati,1713,105
2023-10-25,Onion,Anantapur,1756,74
2023-10-26,Onion,Guntur,1434,60
2023-10-26,Onion,Vijayawada,1422,22
2023-10-26,Onion,Tirupati,1697,100
2023-10-26,Onion,Anantapur,1792,64
2023-10-27,Onion,Guntur,1486,46
2023-10-27,Onion,Vijayawada,1460,30
2023-10-27,Onion,Tirupati,1675,66
2023-10-27,Onion,Anantapur,1753,70
2023-10-28,Onion,Guntur,1419,57
2023-10-28,Onion,Vijayawada,1687,102
2023-10-28,Onion,Tirupati,1743,96
2023-10-28,Onion,Anantapur,1460,91
2023-10-29,Onion,Guntur,1587,87
2023-10-29,Onion,Vijayawada,1719,117
2023-10-29,Onion,Tirupati,1689,105
2023-10-29,Onion,Anantapur,1682,40
2023-10-30,Onion,Guntur,1626,20
2023-10-30,Onion,Vijayawada,1796,101
2023-10-30,Onion,Tirupati,1563,91
2023-10-30,Onion,Anantapur,1428,70
2023-10-31,Onion,Guntur,1434,67
2023-10-31,Onion,Vijayawada,1672,65
2023-10-31,Onion,Tirupati,1530,93
2023-10-31,Onion,Anantapur,1603,65
2023-11-01,Onion,Guntur,1757,112
2023-11-01,Onion,Vijayawada,1433,41
2023-11-01,Onion,Tirupati,1459,90
2023-11-01,Onion,Anantapur,1634,96
2023-11-02,Onion,Guntur,1441,107
2023-11-02,Onion,Vijayawada,1621,31
2023-11-02,Onion,Tirupati,1463,89
2023-11-02,Onion,Anantapur,1607,93
2023-11-03,Onion,Guntur,1409,58
2023-11-03,Onion,Vijayawada,1633,59
2023-11-03,Onion,Tirupati,1750,81
2023-11-03,Onion,Anantapur,1491,20
2023-11-04,Onion,Guntur,1456,51
2023-11-04,Onion,Vijayawada,1417,33
2023-11-04,Onion,Tirupati,1666,37
2023-11-04,Onion,Anantapur,1714,34
2023-11-05,Onion,Guntur,1530,73
2023-11-05,Onion,Vijayawada,1646,20
2023-11-05,Onion,Tirupati,1404,29
2023-11-05,Onion,Anantapur,1780,46
2023-11-06,Onion,Guntur,1798,109
2023-11-06,Onion,Vijayawada,1447,97
2023-11-06,Onion,Tirupati,1617,64
2023-11-06,Onion,Anantapur,1726,45
2023-11-07,Onion,Guntur,1518,60
2023-11-07,Onion,Vijayawada,1483,104
2023-11-07,Onion,Tirupati,1781,97
2023-11-07,Onion,Anantapur,1402,21
2023-11-08,Onion,Guntur,1550,115
2023-11-08,Onion,Vijayawada,1519,89
2023-11-08,Onion,Tirupati,1671,85
2023-11-08,Onion,Anantapur,1665,37
2023-11-09,Onion,Guntur,1527,66
2023-11-09,Onion,Vijayawada,1463,94
2023-11-09,Onion,Tirupati,1539,97
2023-11-09,Onion,Anantapur,1780,48
2023-11-10,Onion,Guntur,1453,94
2023-11-10,Onion,Vijayawada,1715,95
2023-11-10,Onion,Tirupati,1718,94
2023-11-10,Onion,Anantapur,1611,53
2023-11-11,Onion,Guntur,1621,74
2023-11-11,Onion,Vijayawada,1421,72
2023-11-11,Onion,Tirupati,1760,118
2023-11-11,Onion,Anantapur,1656,64
2023-11-12,Onion,Guntur,1590,69
2023-11-12,Onion,Vijayawada,1782,78
2023-11-12,Onion,Tirupati,1768,34
2023-11-12,Onion,Anantapur,1468,39
2023-11-13,Onion,Guntur,1496,59
2023-11-13,Onion,Vijayawada,1563,25
2023-11-13,Onion,Tirupati,1563,91
2023-11-13,Onion,Anantapur,1599,40
2023-11-14,Onion,Guntur,1494,35
2023-11-14,Onion,Vijayawada,1765,27
2023-11-14,Onion,Tirupati,1712,97
2023-11-14,Onion,Anantapur,1753,92
2023-11-15,Onion,Guntur,1735,45
2023-11-15,Onion,Vijayawada,1640,75
2023-11-15,Onion,Tirupati,1629,39
2023-11-15,Onion,Anantapur,1511,96
2023-11-16,Onion,Guntur,1628,63
2023-11-16,Onion,Vijayawada,1624,98
2023-11-16,Onion,Tirupati,1685,33
2023-11-16,Onion,Anantapur,1666,77
2023-11-17,Onion,Guntur,1748,39
2023-11-17,Onion,Vijayawada,1779,60
2023-11-17,Onion,Tirupati,1741,37
2023-11-17,Onion,Anantapur,1515,79
2023-11-18,Onion,Guntur,1428,100
2023-11-18,Onion,Vijayawada,1745,26
2023-11-18,Onion,Tirupati,1485,78
2023-11-18,Onion,Anantapur,1454,74
2023-11-19,Onion,Guntur,1418,60
2023-11-19,Onion,Vijayawada,1679,41
2023-11-19,Onion,Tirupati,1688,30
2023-11-19,Onion,Anantapur,1514,79
2023-11-20,Onion,Guntur,1629,37
2023-11-20,Onion,Vijayawada,1619,57
2023-11-20,Onion,Tirupati,1723,75
2023-11-20,Onion,Anantapur,1606,100
2023-11-21,Onion,Guntur,1499,68
2023-11-21,Onion,Vijayawada,1465,84
2023-11-21,Onion,Tirupati,1695,22
2023-11-21,Onion,Anantapur,1585,97
2023-11-22,Onion,Guntur,1509,73
2023-11-22,Onion,Vijayawada,1694,79
2023-11-22,Onion,Tirupati,1557,99
2023-11-22,Onion,Anantapur,1562,91
2023-11-23,Onion,Guntur,1732,70
2023-11-23,Onion,Vijayawada,1772,38
2023-11-23,Onion,Tirupati,1732,67
2023-11-23,Onion,Anantapur,1698,43
2023-11-24,Onion,Guntur,1660,64
2023-11-24,Onion,Vijayawada,1413,92
2023-11-24,Onion,Tirupati,1588,86
2023-11-24,Onion,Anantapur,1753,115
2023-11-25,Onion,Guntur,1797,76
2023-11-25,Onion,Vijayawada,1707,107
2023-11-25,Onion,Tirupati,1761,94
2023-11-25,Onion,Anantapur,1689,84
2023-11-26,Onion,Guntur,1592,46
2023-11-26,Onion,Vijayawada,1785,115
2023-11-26,Onion,Tirupati,1592,115
2023-11-26,Onion,Anantapur,1496,77
2023-11-27,Onion,Guntur,1439,100
2023-11-27,Onion,Vijayawada,1589,78
2023-11-27,Onion,Tirupati,1712,24
2023-11-27,Onion,Anantapur,1732,42
2023-11-28,Onion,Guntur,1421,27
2023-11-28,Onion,Vijayawada,1759,31
2023-11-28,Onion,Tirupati,1482,65
2023-11-28,Onion,Anantapur,1736,48
2023-11-29,Onion,Guntur,1636,49
2023-11-29,Onion,Vijayawada,1627,91
2023-11-29,Onion,Tirupati,1520,66
2023-11-29,Onion,Anantapur,1467,79
2023-11-30,Onion,Guntur,1531,115
2023-11-30,Onion,Vijayawada,1587,32
2023-11-30,Onion,Tirupati,1463,38
2023-11-30,Onion,Anantapur,1745,34
2023-12-01,Onion,Guntur,1621,24
2023-12-01,Onion,Vijayawada,1649,83
2023-12-01,Onion,Tirupati,1720,28
2023-12-01,Onion,Anantapur,1571,34
2023-12-02,Onion,Guntur,1468,63
2023-12-02,Onion,Vijayawada,1450,35
2023-12-02,Onion,Tirupati,1618,97
2023-12-02,Onion,Anantapur,1753,60
2023-12-03,Onion,Guntur,1603,42
2023-12-03,Onion,Vijayawada,1465,90
2023-12-03,Onion,Tirupati,1519,26
2023-12-03,Onion,Anantapur,1731,113
2023-12-04,Onion,Guntur,1626,37
2023-12-04,Onion,Vijayawada,1625,98
2023-12-04,Onion,Tirupati,1576,26
2023-12-04,Onion,Anantapur,1400,95
2023-12-05,Onion,Guntur,1719,97
2023-12-05,Onion,Vijayawada,1646,84
2023-12-05,Onion,Tirupati,1474,79
2023-12-05,Onion,Anantapur,1436,95
2023-12-06,Onion,Guntur,1601,115
2023-12-06,Onion,Vijayawada,1412,100
2023-12-06,Onion,Tirupati,1456,24
2023-12-06,Onion,Anantapur,1790,74
2023-12-07,Onion,Guntur,1788,110
2023-12-07,Onion,Vijayawada,1449,25
2023-12-07,Onion,Tirupati,1571,68
2023-12-07,Onion,Anantapur,1776,69
2023-12-08,Onion,Guntur,1763,66
2023-12-08,Onion,Vijayawada,1580,107
2023-12-08,Onion,Tirupati,1524,80
2023-12-08,Onion,Anantapur,1604,38
2023-12-09,Onion,Guntur,1739,79
2023-12-09,Onion,Vijayawada,1668,78
2023-12-09,Onion,Tirupati,1779,27
2023-12-09,Onion,Anantapur,1624,62
2023-12-10,Onion,Guntur,1489,41
2023-12-10,Onion,Vijayawada,1614,35
2023-12-10,Onion,Tirupati,1700,79
2023-12-10,Onion,Anantapur,1583,57
2023-12-11,Onion,Guntur,1723,24
2023-12-11,Onion,Vijayawada,1772,81
2023-12-11,Onion,Tirupati,1560,66
2023-12-11,Onion,Anantapur,1571,79
2023-12-12,Onion,Guntur,1528,113
2023-12-12,Onion,Vijayawada,1435,25
2023-12-12,Onion,Tirupati,1775,81
2023-12-12,Onion,Anantapur,1706,99
2023-12-13,Onion,Guntur,1704,113
2023-12-13,Onion,Vijayawada,1602,50
2023-12-13,Onion,Tirupati,1705,110
2023-12-13,Onion,Anantapur,1678,26
2023-12-14,Onion,Guntur,1770,89
2023-12-14,Onion,Vijayawada,1499,108
2023-12-14,Onion,Tirupati,1764,25
2023-12-14,Onion,Anantapur,1589,47
2023-12-15,Onion,Guntur,1607,34
2023-12-15,Onion,Vijayawada,1755,118
2023-12-15,Onion,Tirupati,1503,45
2023-12-15,Onion,Anantapur,1601,72
2023-12-16,Onion,Guntur,1472,52
2023-12-16,Onion,Vijayawada,1507,58
2023-12-16,Onion,Tirupati,1626,103
2023-12-16,Onion,Anantapur,1760,99
2023-12-17,Onion,Guntur,1457,55
2023-12-17,Onion,Vijayawada,1461,25
2023-12-17,Onion,Tirupati,1446,97
2023-12-17,Onion,Anantapur,1494,97
2023-12-18,Onion,Guntur,1726,47
2023-12-18,Onion,Vijayawada,1606,51
2023-12-18,Onion,Tirupati,1767,112
2023-12-18,Onion,Anantapur,1471,59
2023-12-19,Onion,Guntur,1768,61
2023-12-19,Onion,Vijayawada,1607,26
2023-12-19,Onion,Tirupati,1606,116
2023-12-19,Onion,Anantapur,1435,113
2023-12-20,Onion,Guntur,1578,80
2023-12-20,Onion,Vijayawada,1690,96
2023-12-20,Onion,Tirupati,1500,65
2023-12-20,Onion,Anantapur,1569,60
2023-12-21,Onion,Guntur,1786,94
2023-12-21,Onion,Vijayawada,1701,42
2023-12-21,Onion,Tirupati,1568,59
2023-12-21,Onion,Anantapur,1728,112
2023-12-22,Onion,Guntur,1642,39
2023-12-22,Onion,Vijayawada,1572,106
2023-12-22,Onion,Tirupati,1638,78
2023-12-22,Onion,Anantapur,1432,97
2023-12-23,Onion,Guntur,1655,116
2023-12-23,Onion,Vijayawada,1471,57
2023-12-23,Onion,Tirupati,1606,57
2023-12-23,Onion,Anantapur,1547,21
2023-12-24,Onion,Guntur,1454,30
2023-12-24,Onion,Vijayawada,1793,101
2023-12-24,Onion,Tirupati,1535,59
2023-12-24,Onion,Anantapur,1425,102
2023-12-25,Onion,Guntur,1705,108
2023-12-25,Onion,Vijayawada,1613,71
2023-12-25,Onion,Tirupati,1630,80
2023-12-25,Onion,Anantapur,1485,23
2023-12-26,Onion,Guntur,1799,47
2023-12-26,Onion,Vijayawada,1474,38
2023-12-26,Onion,Tirupati,1751,115
2023-12-26,Onion,Anantapur,1407,78
2023-12-27,Onion,Guntur,1681,94
2023-12-27,Onion,Vijayawada,1648,97
2023-12-27,Onion,Tirupati,1461,80
2023-12-27,Onion,Anantapur,1585,68
2023-12-28,Onion,Guntur,1492,73
2023-12-28,Onion,Vijayawada,1434,44
2023-12-28,Onion,Tirupati,1770,118
2023-12-28,Onion,Anantapur,1418,73
2023-12-29,Onion,Guntur,1546,45
2023-12-29,Onion,Vijayawada,1495,80
2023-12-29,Onion,Tirupati,1778,37
2023-12-29,Onion,Anantapur,1601,113
2023-12-30,Onion,Guntur,1485,93
2023-12-30,Onion,Vijayawada,1468,91
2023-12-30,Onion,Tirupati,1487,88
2023-12-30,Onion,Anantapur,1474,30
2023-12-31,Onion,Guntur,1445,83
2023-12-31,Onion,Vijayawada,1497,63
2023-12-31,Onion,Tirupati,1452,92
2023-12-31,Onion,Anantapur,1619,83
